{"10805454_left": {"pose": [-0.07363324208216372, 0.03340101487862584, 0.028788873361359144, -0.3162995068646943, 0.005970044014207865, -1.561486276060204], "timestamp": 1713331906.345544}, "10805454_right": {"pose": [-0.0725844001818272, -0.030884547804410016, 0.027940635094441075, -0.3249401669984907, 0.0027274474972758256, -1.5540315954623978], "timestamp": 1713331910.0276608}, "21729895_left": {"pose": [0.458812179481887, -0.6855920453052448, 0.4747621827783949, -2.131518973590394, -0.05984056696353868, -0.8146807118340951], "timestamp": 1714972466.1586683}, "21729895_right": {"pose": [0.5413888487509513, -0.774042064488459, 0.4814711625499285, -2.1360775155811, -0.05260478765869192, -0.8183418738263213], "timestamp": 1714972471.6622815}, "29392465_left": {"pose": [0.14669547176629144, 0.3944048829846325, 0.7583306401507416, -2.1196962017882797, 0.06115502959364294, -1.930292922609486], "timestamp": 1714972621.8003802}, "29392465_right": {"pose": [0.12645974930430132, 0.297377532548309, 0.7255263103189081, -2.068661839626686, 0.045798492339572006, -1.9356575970160943], "timestamp": 1714972626.0288348}, "23282896_left": {"pose": [0.6220762877486294, 0.8932048261149923, 0.6490932744532186, -2.060606910459038, -0.005826374699122949, -2.8835439535894913], "timestamp": 1715915893.906468}, "23282896_right": {"pose": [0.5057118043159643, 0.8625449853001196, 0.6305271927865951, -2.0200104410335578, 0.00672244043330994, -2.8666882587695963], "timestamp": 1715915899.4765368}, "23343100_left": {"pose": [0.3234018950866986, -0.814934379206842, 0.3143917152981853, -1.7947986194522576, 0.11356015233625927, -0.8089360971430564], "timestamp": 1715916440.2320042}, "23343100_right": {"pose": [0.37299206053040057, -0.8723879407022254, 0.3661072523406119, -1.8638243056156103, 0.07629826127178818, -0.859799153860406], "timestamp": 1715916446.9922585}, "18361939_left": {"pose": [-0.07230143767283553, 0.02893371214140081, 0.024482023456319446, -0.3336784062435316, 0.016138050221961464, -1.5963241625646045], "timestamp": 1715916611.0468688}, "18361939_right": {"pose": [-0.07453242797942662, -0.034791124303429045, 0.026363585552587044, -0.3404751556107666, 0.00958652260536419, -1.589319791011735], "timestamp": 1715916613.8604257}}